payment_id,order_id,payment_method,payment_status,payment_date
1,1,Credit Card,Success,2025-08-11
2,2,UPI,Success,2025-06-20
3,3,Credit Card,Success,2025-06-09
4,4,UPI,Refunded,2025-10-12
5,5,Debit Card,Success,2025-03-05
6,6,Credit Card,Success,2025-10-11
7,7,UPI,Failed,2025-12-08
8,8,UPI,Success,2025-05-08
9,9,Credit Card,Failed,2025-08-19
10,10,Credit Card,Success,2025-10-11
11,11,Cash on Delivery,Success,2025-08-23
12,12,Credit Card,Success,2025-05-18
13,13,UPI,Success,2025-11-03
14,14,Net Banking,Success,2025-11-13
15,15,UPI,Success,2025-08-23
16,16,Debit Card,Success,2025-02-21
17,17,UPI,Success,2025-04-24
18,18,Credit Card,Success,2025-03-22
19,19,UPI,Success,2025-05-12
20,20,UPI,Failed,2025-08-14
21,21,UPI,Success,2025-05-07
22,22,Credit Card,Refunded,2025-08-08
23,23,Credit Card,Success,2025-09-05
24,24,UPI,Success,2025-07-05
25,25,Debit Card,Success,2025-10-08
26,26,UPI,Success,2025-07-17
27,27,Credit Card,Success,2025-04-08
28,28,Credit Card,Success,2025-11-22
29,29,UPI,Success,2025-05-28
30,30,UPI,Success,2025-12-13
31,31,Net Banking,Success,2025-05-30
32,32,UPI,Success,2025-05-09
33,33,Credit Card,Success,2025-09-26
34,34,Debit Card,Success,2025-06-01
35,35,Debit Card,Success,2025-04-11
36,36,Credit Card,Refunded,2025-12-14
37,37,UPI,Refunded,2025-01-04
38,38,UPI,Refunded,2025-02-08
39,39,UPI,Success,2025-08-23
40,40,UPI,Refunded,2025-07-29
41,41,UPI,Success,2025-02-25
42,42,Credit Card,Success,2025-04-28
43,43,UPI,Success,2025-04-14
44,44,UPI,Success,2025-04-22
45,45,Debit Card,Success,2025-06-02
46,46,UPI,Success,2025-07-15
47,47,Cash on Delivery,Success,2025-06-20
48,48,Net Banking,Success,2025-10-16
49,49,UPI,Success,2025-05-15
50,50,Net Banking,Success,2025-06-27
51,51,Credit Card,Success,2025-01-22
52,52,Credit Card,Success,2025-08-19
53,53,Credit Card,Success,2025-09-21
54,54,UPI,Success,2025-10-06
55,55,Credit Card,Success,2025-11-13
56,56,Cash on Delivery,Success,2025-02-05
57,57,UPI,Refunded,2025-06-22
58,58,Credit Card,Failed,2025-02-15
59,59,Credit Card,Refunded,2025-08-21
60,60,Net Banking,Refunded,2025-10-31
61,61,Credit Card,Success,2025-07-07
62,62,UPI,Success,2025-09-10
63,63,UPI,Success,2025-06-12
64,64,Credit Card,Success,2025-10-09
65,65,Debit Card,Refunded,2025-02-28
66,66,Credit Card,Success,2025-10-07
67,67,Credit Card,Success,2025-12-09
68,68,UPI,Success,2025-09-30
69,69,Credit Card,Success,2025-10-28
70,70,Debit Card,Success,2025-06-19
71,71,Debit Card,Success,2025-11-02
72,72,Net Banking,Success,2025-11-14
73,73,Net Banking,Success,2025-02-07
74,74,UPI,Success,2025-09-22
75,75,Debit Card,Failed,2025-05-23
76,76,UPI,Success,2025-05-23
77,77,UPI,Success,2025-10-15
78,78,Net Banking,Success,2025-02-20
79,79,Debit Card,Success,2025-07-10
80,80,Cash on Delivery,Success,2025-02-27
81,81,UPI,Success,2025-06-20
82,82,UPI,Success,2025-04-11
83,83,Credit Card,Success,2025-03-02
84,84,Net Banking,Success,2025-04-13
85,85,Cash on Delivery,Success,2025-12-16
86,86,Credit Card,Success,2025-11-06
87,87,Debit Card,Success,2025-05-28
88,88,Net Banking,Success,2025-10-03
89,89,UPI,Success,2025-12-13
90,90,Debit Card,Success,2025-10-08
91,91,Debit Card,Success,2025-05-10
92,92,Credit Card,Success,2025-08-28
93,93,UPI,Success,2025-04-01
94,94,Debit Card,Success,2025-09-30
95,95,Credit Card,Success,2025-03-10
96,96,Credit Card,Success,2025-03-19
97,97,Credit Card,Success,2025-03-27
98,98,UPI,Success,2025-08-10
99,99,Credit Card,Refunded,2025-08-26
100,100,Debit Card,Success,2025-07-24
101,101,Net Banking,Success,2025-12-07
102,102,UPI,Success,2025-09-12
103,103,Debit Card,Success,2025-09-08
104,104,Debit Card,Success,2025-04-10
105,105,UPI,Refunded,2025-09-08
106,106,Cash on Delivery,Success,2025-09-16
107,107,UPI,Success,2025-01-17
108,108,Credit Card,Refunded,2025-06-09
109,109,Debit Card,Success,2025-06-27
110,110,Debit Card,Success,2025-06-30
111,111,Credit Card,Success,2025-11-20
112,112,Credit Card,Success,2025-11-27
113,113,Debit Card,Success,2025-01-14
114,114,Debit Card,Success,2025-09-12
115,115,Credit Card,Success,2025-08-05
116,116,Cash on Delivery,Success,2025-04-03
117,117,Net Banking,Success,2025-04-26
118,118,UPI,Success,2025-11-11
119,119,Debit Card,Success,2025-08-06
120,120,UPI,Success,2025-12-23
121,121,Credit Card,Refunded,2025-08-17
122,122,Debit Card,Success,2025-04-08
123,123,Credit Card,Success,2025-08-12
124,124,Debit Card,Success,2025-01-15
125,125,Credit Card,Success,2025-12-27
126,126,Credit Card,Success,2025-03-26
127,127,Net Banking,Success,2025-07-06
128,128,UPI,Success,2025-08-22
129,129,Cash on Delivery,Refunded,2025-10-11
130,130,Debit Card,Success,2025-12-06
131,131,Cash on Delivery,Success,2025-03-10
132,132,Cash on Delivery,Success,2025-02-22
133,133,UPI,Success,2025-02-09
134,134,Cash on Delivery,Success,2025-07-05
135,135,UPI,Success,2025-05-04
136,136,UPI,Success,2025-08-09
137,137,UPI,Success,2025-08-29
138,138,UPI,Success,2025-09-10
139,139,Net Banking,Success,2025-05-23
140,140,Credit Card,Success,2025-10-11
141,141,Debit Card,Success,2025-01-30
142,142,UPI,Success,2025-05-18
143,143,Net Banking,Success,2025-12-09
144,144,Credit Card,Success,2025-08-05
145,145,UPI,Success,2025-03-11
146,146,Cash on Delivery,Success,2026-01-01
147,147,Credit Card,Refunded,2025-07-21
148,148,UPI,Success,2025-05-08
149,149,Debit Card,Success,2025-08-30
150,150,Debit Card,Success,2025-05-28
151,151,Credit Card,Success,2025-12-28
152,152,UPI,Refunded,2025-12-16
153,153,Credit Card,Success,2025-11-08
154,154,Credit Card,Success,2025-02-28
155,155,Cash on Delivery,Success,2025-06-23
156,156,Net Banking,Success,2025-03-23
157,157,UPI,Success,2025-09-09
158,158,UPI,Refunded,2025-05-29
159,159,UPI,Success,2025-02-16
160,160,Cash on Delivery,Success,2025-05-23
161,161,Credit Card,Failed,2025-09-16
162,162,Debit Card,Refunded,2025-01-12
163,163,Credit Card,Success,2025-12-24
164,164,UPI,Success,2025-01-09
165,165,Debit Card,Success,2025-04-01
166,166,UPI,Success,2025-06-28
167,167,Credit Card,Refunded,2025-08-18
168,168,Debit Card,Success,2025-05-25
169,169,Debit Card,Success,2025-08-08
170,170,UPI,Success,2025-02-16
171,171,UPI,Success,2025-03-25
172,172,Debit Card,Refunded,2025-10-30
173,173,Debit Card,Failed,2025-11-08
174,174,Debit Card,Success,2025-04-29
175,175,UPI,Refunded,2025-05-26
176,176,UPI,Success,2025-09-26
177,177,Net Banking,Refunded,2025-08-07
178,178,Cash on Delivery,Success,2025-06-27
179,179,Cash on Delivery,Success,2025-04-15
180,180,Cash on Delivery,Success,2025-11-07
181,181,UPI,Refunded,2025-07-18
182,182,UPI,Success,2025-01-25
183,183,Credit Card,Success,2025-07-23
184,184,UPI,Success,2025-03-28
185,185,UPI,Success,2025-02-22
186,186,UPI,Success,2025-10-16
187,187,Debit Card,Success,2025-03-13
188,188,UPI,Success,2025-04-28
189,189,UPI,Success,2025-09-27
190,190,Credit Card,Success,2025-08-12
191,191,UPI,Success,2025-04-24
192,192,Credit Card,Success,2025-07-27
193,193,Net Banking,Success,2025-03-07
194,194,UPI,Success,2025-07-11
195,195,UPI,Success,2025-11-03
196,196,Debit Card,Success,2025-12-02
197,197,Debit Card,Success,2025-11-06
198,198,UPI,Success,2025-12-03
199,199,UPI,Refunded,2025-03-24
200,200,Net Banking,Failed,2025-05-19
201,201,Credit Card,Success,2025-10-01
202,202,Credit Card,Refunded,2025-03-12
203,203,Cash on Delivery,Success,2025-07-26
204,204,Debit Card,Success,2025-08-29
205,205,Credit Card,Success,2025-07-02
206,206,UPI,Success,2025-01-10
207,207,UPI,Success,2025-07-04
208,208,Credit Card,Success,2025-07-15
209,209,UPI,Success,2025-03-04
210,210,Credit Card,Success,2025-10-06
211,211,Credit Card,Success,2025-06-20
212,212,UPI,Success,2025-11-22
213,213,Net Banking,Failed,2025-12-13
214,214,Credit Card,Success,2025-03-20
215,215,UPI,Success,2025-03-15
216,216,UPI,Success,2025-05-01
217,217,UPI,Success,2025-12-18
218,218,UPI,Success,2025-03-03
219,219,Credit Card,Success,2025-09-14
220,220,UPI,Refunded,2025-09-10
221,221,UPI,Refunded,2025-05-07
222,222,Credit Card,Success,2025-01-28
223,223,Net Banking,Success,2026-01-01
224,224,UPI,Success,2025-11-08
225,225,Debit Card,Success,2025-04-21
226,226,Net Banking,Success,2025-10-22
227,227,Credit Card,Success,2025-07-13
228,228,UPI,Success,2025-07-21
229,229,Credit Card,Success,2025-08-19
230,230,Debit Card,Refunded,2025-01-26
231,231,UPI,Success,2025-01-25
232,232,Debit Card,Success,2025-08-23
233,233,Credit Card,Success,2025-04-21
234,234,Net Banking,Success,2025-08-24
235,235,UPI,Success,2025-04-12
236,236,UPI,Success,2025-11-17
237,237,UPI,Refunded,2025-11-13
238,238,Debit Card,Success,2025-05-30
239,239,Credit Card,Success,2025-04-23
240,240,Debit Card,Success,2025-11-14
241,241,Debit Card,Success,2025-11-09
242,242,Cash on Delivery,Success,2025-09-01
243,243,Credit Card,Refunded,2025-08-11
244,244,UPI,Refunded,2025-08-10
245,245,UPI,Refunded,2025-05-14
246,246,Credit Card,Refunded,2025-03-03
247,247,UPI,Success,2025-07-23
248,248,Net Banking,Success,2025-06-22
249,249,UPI,Success,2025-04-29
250,250,UPI,Success,2025-08-15
251,251,UPI,Success,2025-02-16
252,252,Debit Card,Success,2025-11-18
253,253,UPI,Success,2025-12-22
254,254,Cash on Delivery,Success,2025-06-11
255,255,Credit Card,Success,2025-09-20
256,256,UPI,Success,2025-01-13
257,257,Credit Card,Success,2025-11-19
258,258,UPI,Success,2025-09-30
259,259,Credit Card,Success,2025-02-09
260,260,Credit Card,Failed,2025-04-05
261,261,Debit Card,Success,2025-08-26
262,262,Credit Card,Success,2025-05-18
263,263,Credit Card,Refunded,2025-02-05
264,264,Credit Card,Success,2025-03-03
265,265,Net Banking,Success,2025-09-26
266,266,UPI,Success,2025-11-12
267,267,Credit Card,Success,2025-06-15
268,268,Net Banking,Success,2025-03-04
269,269,Net Banking,Success,2025-04-01
270,270,Debit Card,Success,2025-10-24
271,271,Credit Card,Success,2025-06-29
272,272,Net Banking,Success,2025-01-24
273,273,Net Banking,Success,2025-06-03
274,274,UPI,Refunded,2025-11-07
275,275,Credit Card,Success,2025-02-10
276,276,Net Banking,Success,2025-03-10
277,277,Net Banking,Success,2025-02-12
278,278,UPI,Success,2025-04-21
279,279,UPI,Success,2025-08-19
280,280,UPI,Success,2025-02-09
281,281,Credit Card,Success,2025-10-17
282,282,Credit Card,Success,2025-11-20
283,283,UPI,Success,2025-12-19
284,284,Net Banking,Success,2025-06-10
285,285,UPI,Success,2025-07-04
286,286,UPI,Success,2025-09-18
287,287,UPI,Success,2025-11-29
288,288,Credit Card,Success,2025-04-07
289,289,UPI,Success,2025-10-20
290,290,Net Banking,Success,2025-03-12
291,291,Debit Card,Success,2025-12-28
292,292,Credit Card,Success,2025-01-25
293,293,Credit Card,Success,2025-12-30
294,294,Credit Card,Success,2025-04-15
295,295,Debit Card,Success,2025-04-22
296,296,UPI,Refunded,2025-12-22
297,297,Credit Card,Success,2025-10-22
298,298,UPI,Success,2025-10-15
299,299,Debit Card,Success,2025-01-31
300,300,Credit Card,Failed,2025-08-03
